謝イシン,16歳から20歳,男性,既婚
謝イシン,16歳から20歳,男性,既婚
謝イシン,16歳から20歳,男性,既婚
謝イシン,16歳から20歳,男性,既婚
謝イシン,31歳から35歳,女性,独身
謝イシン,31歳から35歳,女性,独身
謝イシン,31歳から35歳,女性,独身
謝イシン,31歳から35歳,女性,独身
謝イシン,31歳から35歳,女性,独身
謝イシン,31歳から35歳,女性,独身
謝イシン,31歳から35歳,女性,独身
謝イシン,31歳から35歳,女性,独身
謝イシン,26歳から30歳,女性,交際中
謝イシン,26歳から30歳,女性,交際中
謝イシン,26歳から30歳,女性,交際中
謝イシン,26歳から30歳,女性,交際中
謝イシン,26歳から30歳,女性,交際中
謝イシン,26歳から30歳,女性,交際中
謝イシン,26歳から30歳,女性,交際中
謝イシン,26歳から30歳,女性,交際中
謝イシン,26歳から30歳,女性,交際中
謝イシン,26歳から30歳,女性,交際中
謝イシン,26歳から30歳,女性,交際中
謝イシン,26歳から30歳,女性,交際中
謝イシン,26歳から30歳,女性,交際中
謝イシン,26歳から30歳,女性,交際中
謝イシン,26歳から30歳,女性,交際中
謝イシン,26歳から30歳,女性,交際中
謝イシン,26歳から30歳,女性,交際中
謝イシン,26歳から30歳,女性,交際中
謝イシン,26歳から30歳,女性,交際中
謝イシン,26歳から30歳,女性,交際中
